wiki_movie_id,language_name,averageRating
975900,English Language,4.9
261236,German Language,5.9
171005,English Language,7.5
77856,English Language,7.8
156558,English Language,6.4
9633533,Malayalam Language,7.9
25960460,English Language,5.6
261237,Afrikaans Language,7.3
261237,English Language,7.3
12008535,Spanish Language,6.7
4951456,English Language,5.5
12053509,English Language,6.0
29198000,Hindi Language,3.9
1369204,English Language,6.9
1369204,Spanish Language,6.9
12371532,English Language,7.0
2647998,English Language,6.1
1254263,English Language,6.3
7028314,English Language,5.6
25413122,English Language,5.8
5664529,English Language,5.6
5894429,English Language,6.5
12788657,English Language,7.1
4300418,Hindi Language,5.5
30246289,Polish Language,6.2
30246289,German Language,6.2
30246289,English Language,6.2
2154704,English Language,5.2
3740032,English Language,6.8
28937087,Hungary,6.9
28937087,English Language,6.9
28937087,Russian Language,6.9
28937087,Hungarian language,6.9
24282217,Korean Language,5.7
7767613,English Language,6.4
24863901,English Language,6.3
1630107,English Language,7.2
3550323,English Language,6.7
1072373,Tamil Language,6.7
1765938,English Language,6.3
7460227,English Language,7.2
1305819,English Language,5.6
1031231,Romani language,8.0
1031231,Italian Language,8.0
1031231,Serbo-Croatian,8.0
1031231,Bulgarian Language,8.0
1031231,Serbian language,8.0
1031231,German Language,8.0
180917,English Language,6.3
6305925,English Language,6.3
6305925,Spanish Language,6.3
196176,English Language,7.4
33872851,Greek Language,6.4
33872851,English Language,6.4
2509881,English Language,4.4
19569910,Japanese Language,7.2
26137128,English Language,4.4
16304395,English Language,6.2
748616,Korean Language,8.0
336846,English Language,7.2
27463222,English Language,4.9
3249964,English Language,7.1
27874961,French Language,6.0
3033993,English Language,7.0
12491178,English Language,4.9
5696825,English Language,6.0
103021,French Language,7.5
103021,English Language,7.5
1940449,English Language,4.1
6795107,Tamil Language,6.2
27365295,English Language,5.5
6703617,Standard Mandarin,6.5
6703617,English Language,6.5
6703617,Standard Cantonese,6.5
21737016,English Language,5.9
19389755,English Language,4.4
362719,English Language,7.4
21271533,Danish Language,6.8
16055450,Spanish Language,5.5
7696753,English Language,6.9
17379289,English Language,5.1
4459059,English Language,5.8
6471697,Hindi Language,5.2
413207,French Language,7.0
4069274,English Language,4.4
3681139,English Language,6.2
26205476,English Language,6.2
5549065,English Language,7.3
14543900,Hindi Language,5.1
171058,English Language,7.5
2608958,English Language,6.7
21618909,Hindi Language,6.7
21618909,English Language,6.7
26624119,English Language,5.3
6273971,Romanian Language,7.5
2546429,English Language,6.0
20553214,Bengali Language,4.7
31686022,English Language,5.1
24416479,English Language,4.1
14773122,English Language,6.4
12490207,Korean Language,7.0
12490207,Cantonese,7.0
6170621,Spanish Language,7.8
9105523,Japanese Language,6.6
17594419,English Language,6.8
207680,English Language,6.5
1858682,English Language,6.9
7235116,English Language,6.1
5254729,English Language,6.0
24291753,English Language,5.7
235331,Japanese Language,8.3
32494263,Bengali Language,8.3
27504492,Korean Language,6.5
1249014,Polish Language,7.4
35785312,Spanish Language,6.7
2172156,Malayalam Language,8.9
14109452,English Language,6.3
4783144,English Language,5.4
4058835,Hindi Language,7.9
2642180,Hebrew Language,6.9
12384049,English Language,5.9
6004372,English Language,6.7
4473622,English Language,7.1
10366326,English Language,5.1
2093270,English Language,6.4
22332882,English Language,7.6
11686007,English Language,5.8
9384481,English Language,5.0
8637169,English Language,5.8
7731853,Silent film,7.5
7731853,English Language,7.5
856733,English Language,7.4
856733,Spanish Language,7.4
76345,English Language,6.6
76345,American English,6.6
24021571,English Language,5.9
4926447,English Language,5.7
4926447,American English,5.7
10594195,Hindi Language,6.5
1226289,English Language,5.1
20393685,English Language,6.4
3475071,German Language,6.5
3475071,English Language,6.5
2450188,English Language,5.7
44218,English Language,7.2
1135297,English Language,6.0
906380,Standard Mandarin,7.0
7882413,French Language,7.3
33773022,French Language,5.8
33773022,Italian Language,5.8
9215946,English Language,6.5
7014201,English Language,4.6
7752732,English Language,4.3
11220896,Malayalam Language,5.5
9678161,Tamil Language,6.7
7082486,Telugu language,7.5
21209475,English Language,6.1
1307956,English Language,7.1
20694087,Tamil Language,5.6
2216254,English Language,5.7
28530363,English Language,7.3
28530363,Spanish Language,7.3
23435357,Hindi Language,3.7
30548208,English Language,6.4
27064671,Malayalam Language,3.8
4002677,English Language,6.6
1964091,French Language,6.2
1964091,German Language,6.2
1964091,English Language,6.2
26687336,Hindi Language,5.7
26687336,Punjabi language,5.7
9404578,English Language,7.7
1094668,Hindi Language,6.4
6721185,English Language,5.7
3917900,English Language,5.6
1378672,English Language,6.3
22358819,English Language,5.8
9962209,Spanish Language,7.0
1748912,English Language,7.0
706803,English Language,6.0
1851703,Japanese Language,6.7
1851703,German Language,6.7
1851703,English Language,6.7
3917873,English Language,6.9
5363369,English Language,6.4
7266768,English Language,5.2
444919,English Language,6.1
3670013,English Language,5.5
3670013,English Language,4.8
24300269,English Language,5.9
6613755,English Language,4.9
28010827,English Language,5.0
11467890,Italian Language,6.7
11467890,English Language,6.7
14710585,English Language,4.1
6973699,English Language,4.3
7281088,English Language,4.4
7281088,Spanish Language,4.4
33096336,English Language,6.4
5181423,Hindi Language,6.6
5181423,Urdu Language,6.6
7154611,English Language,6.5
24207129,English Language,7.5
24207129,Spanish Language,7.5
7280802,English Language,3.0
1533733,English Language,7.7
24051028,English Language,7.5
8763366,English Language,6.0
17711304,English Language,6.6
7876902,Telugu language,7.8
25075517,English Language,6.3
11227773,Hebrew Language,6.2
9889964,Hindi Language,5.9
28388755,English Language,6.2
5884079,English Language,5.3
5884079,Thai Language,5.3
1781048,English Language,5.6
1781048,Spanish Language,5.6
17807776,Japanese Language,7.1
817057,English Language,6.6
29004995,Hindi Language,7.2
399402,English Language,7.3
22224559,English Language,6.0
8437284,Hindi Language,3.4
8437284,English Language,3.4
4836072,English Language,7.8
2121431,English Language,6.5
5923472,Telugu language,2.4
14544711,Japanese Language,7.0
9985474,English Language,6.0
11361551,English Language,7.0
3340222,Danish Language,8.1
13457871,English Language,6.1
736262,English Language,7.0
2262277,Hindi Language,7.9
2262277,English Language,7.9
5240350,English Language,5.7
14076924,English Language,6.2
30864413,Hindi Language,4.5
24292756,English Language,5.9
17839776,Silent film,7.2
17839776,English Language,7.2
8889869,Hindi Language,6.1
8889869,English Language,6.1
21234681,German Language,5.0
12095072,English Language,6.1
249406,English Language,7.3
8743599,Hindi Language,6.4
8743599,Urdu Language,6.4
27383563,English Language,7.4
30975925,English Language,4.7
36406869,English Language,4.9
957179,English Language,6.5
9208103,English Language,4.8
3389311,English Language,6.5
5565338,English Language,4.9
168571,English Language,7.3
6244632,English Language,2.1
26013008,Malayalam Language,6.4
846329,Japanese Language,8.2
10990102,English Language,6.4
11144406,English Language,6.5
1231856,English Language,6.6
161877,English Language,7.5
24813200,English Language,4.4
36348802,Cantonese,6.3
934809,English Language,7.2
4600837,English Language,6.0
1273572,English Language,6.9
77639,English Language,7.6
77639,American English,7.6
5080311,English Language,6.4
23714330,Japanese Language,7.2
23714330,Silent film,7.2
5137345,English Language,5.4
13508675,English Language,5.8
8948959,English Language,6.7
7299774,English Language,6.0
6057698,Portuguese Language,5.8
6057698,English Language,5.8
8610844,English Language,6.3
2028217,Polish Language,6.8
2028217,English Language,6.8
1141059,English Language,5.8
5682615,English Language,4.8
16791614,English Language,7.1
21674541,French Language,5.8
21674541,English Language,5.8
9943176,English Language,7.5
3504034,English Language,5.6
17884388,Hindi Language,5.7
1157158,English Language,6.3
24665535,English Language,4.6
16647548,English Language,6.9
24064330,Standard Cantonese,5.3
34630340,French Language,6.6
3028248,English Language,6.5
3432108,English Language,5.6
4501185,English Language,4.2
9594415,English Language,6.6
13769297,English Language,6.1
5877719,English Language,4.7
3059075,English Language,6.9
142274,English Language,6.2
6887098,French Language,7.2
26149260,English Language,5.1
5049873,Greek Language,7.4
5049873,Turkish Language,7.4
5049873,Italian Language,7.4
5049873,English Language,7.4
5049873,Ancient Greek,7.4
26967810,French Language,7.2
26967810,Arabic Language,7.2
24407838,English Language,5.3
1871167,English Language,5.3
23593226,Hindi Language,6.4
23593226,Punjabi language,6.4
23593226,English Language,6.4
18487239,English Language,5.9
1217079,French Language,7.8
1217079,Khmer language,7.8
1217079,English Language,7.8
29865278,Hindi Language,6.1
10088120,English Language,6.7
1472852,English Language,6.2
31032524,English Language,6.3
27953778,Cantonese,6.6
27953778,Standard Cantonese,6.6
19127891,English Language,6.0
6846215,English Language,6.1
418154,English Language,4.0
780889,English Language,5.9
27756406,English Language,6.6
22680762,Italian Language,6.8
22680762,German Language,6.8
780888,English Language,7.1
13934307,Tagalog language,6.8
13934307,English Language,6.8
13934307,Thai Language,6.8
12180811,English Language,6.3
28903478,English Language,6.1
24708749,Hungarian language,6.1
24708749,English Language,6.1
24708749,American English,6.1
5566878,English Language,6.7
5566878,Spanish Language,6.7
33643112,Chinese language,7.7
33643112,Standard Mandarin,7.7
32635381,English Language,7.3
6768793,Tamil Language,5.6
5177364,Hindi Language,5.7
9401987,English Language,4.8
11698816,English Language,5.8
23703779,Malayalam Language,7.5
1480748,English Language,4.6
250012,English Language,7.3
2023704,English Language,6.7
9650057,Tamil Language,7.0
2723037,English Language,6.7
1480747,English Language,5.3
683122,English Language,7.3
12136473,English Language,5.3
13210849,English Language,6.3
2332364,English Language,7.4
9457642,English Language,4.7
10877732,English Language,6.9
12183290,English Language,5.6
73395,English Language,6.5
1388443,French Language,5.9
31519851,English Language,4.0
8219325,Russian Language,6.5
8219325,English Language,6.5
62688,Dutch Language,7.4
62688,English Language,7.4
24739648,English Language,7.7
3645284,French Language,7.1
3645284,Romanian Language,7.1
3645284,English Language,7.1
15115743,Polish Language,7.6
468356,English Language,7.0
468356,Standard Mandarin,7.0
570743,English Language,5.4
504242,Standard Mandarin,7.8
504242,English Language,7.8
17916020,Cantonese,7.2
129295,English Language,6.9
13289421,English Language,6.4
256337,Standard Mandarin,4.9
256337,English Language,4.9
256337,Spanish Language,4.9
11796087,Italian Language,6.6
2894499,English Language,6.9
11625324,English Language,6.6
163491,Italian Language,7.7
25008319,English Language,4.3
8987889,English Language,6.6
21132938,English Language,6.7
17058062,Persian Language,6.7
17058062,Standard Mandarin,6.7
17058062,English Language,6.7
17058062,Mandarin Chinese,6.7
3635024,Malayalam Language,8.6
10344059,Korean Language,5.6
18170706,English Language,6.9
9088886,English Language,5.2
6581470,English Language,6.6
6767900,Malayalam Language,6.5
3511253,English Language,5.4
670013,Japanese Language,7.2
10387789,English Language,6.5
5501445,English Language,5.8
1597728,Italian Language,6.2
1597728,English Language,6.2
580994,English Language,7.1
183828,English Language,7.3
20700559,American Sign Language,6.6
5329751,English Language,6.5
7644867,French Language,6.0
7644867,English Language,6.0
7641358,English Language,6.2
5283066,English Language,6.1
20629940,English Language,6.1
9906067,English Language,5.0
22637123,Swedish Language,6.8
11161265,English Language,6.4
2649865,English Language,7.1
2236141,English Language,6.8
2080306,English Language,5.6
2002258,English Language,5.8
33628294,English Language,4.0
14856464,Dutch Language,6.6
14856464,English Language,6.6
23118238,English Language,7.0
1336564,English Language,6.6
1481638,English Language,5.1
21983784,English Language,6.2
8359892,English Language,2.6
22683998,French Language,7.2
22683998,Spanish Language,7.2
1216495,English Language,7.1
16855103,French Language,6.6
16855103,English Language,6.6
5289480,English Language,6.4
2261407,Korean Language,7.9
3158499,English Language,7.0
26554437,English Language,5.9
4600218,English Language,4.3
31404359,English Language,5.1
20663735,Malayalam Language,7.6
918886,English Language,4.8
1853602,English Language,4.6
15189343,English Language,6.3
4061041,English Language,7.0
24159097,English Language,6.2
7585416,English Language,4.4
29169424,English Language,6.6
8417343,English Language,4.6
628120,Silent film,6.6
628120,English Language,6.6
8898667,English Language,6.3
12509757,English Language,6.1
12509757,Spanish Language,6.1
26456639,Cantonese,6.4
26456639,Standard Mandarin,6.4
26456639,Standard Cantonese,6.4
21008312,English Language,6.6
6987479,English Language,5.9
2292864,English Language,4.3
74871,English Language,7.9
154635,French Language,7.9
154635,Polish Language,7.9
154635,Romanian Language,7.9
9389794,Spanish Language,7.4
685987,Japanese Language,7.2
685987,English Language,7.2
685987,Spanish Language,7.2
8499528,English Language,5.7
16731651,English Language,6.4
1663320,English Language,5.4
3832242,Persian Language,7.4
15553721,English Language,5.8
74868,English Language,8.0
1853200,English Language,2.6
19163688,English Language,5.9
1111223,English Language,6.3
5718787,English Language,7.1
19972307,French Language,5.9
19972307,Polish Language,5.9
19972307,Russian Language,5.9
19972307,Swedish Language,5.9
26727790,English Language,4.3
25411775,English Language,6.5
8056688,French Language,6.8
8056688,Swedish Language,6.8
8056688,English Language,6.8
8056688,German Language,6.8
11035177,Italian Language,7.1
1702604,English Language,6.2
4605171,English Language,6.0
1134154,Japanese Language,6.6
1470810,English Language,5.4
29733028,Hindi Language,5.7
29019687,Spanish Language,6.8
6332837,English Language,7.0
10594693,French Language,5.8
10594693,English Language,5.8
22486844,English Language,6.4
3826800,Italian Language,4.8
8695,English Language,8.4
8695,Russian Language,8.4
24889160,French Language,6.8
14291637,English Language,5.7
9244646,Xhosa Language,6.8
9244646,Afrikaans Language,6.8
9244646,English Language,6.8
2349235,Hindi Language,7.7
6839059,English Language,6.5
1295686,English Language,5.3
45606,Greek Language,7.6
45606,English Language,7.6
9123604,English Language,6.6
3703077,English Language,6.9
275547,English Language,6.8
2430019,English Language,6.3
15036863,English Language,6.5
4703636,Welsh Language,5.3
4703636,English Language,5.3
28042876,English Language,6.6
16226377,English Language,6.5
25811332,English Language,6.4
1878054,Serbo-Croatian,7.3
1878054,Danish Language,7.3
6114774,English Language,7.0
31351,English Language,8.0
6823327,Urdu Language,7.0
6823327,English Language,7.0
9340076,English Language,3.8
25495137,Telugu language,7.5
7725707,English Language,7.0
1456329,English Language,6.5
27403920,English Language,6.4
1367110,English Language,6.6
163462,English Language,7.3
25359124,English Language,6.3
12138493,English Language,6.8
12585204,English Language,5.9
5493659,English Language,5.3
5493659,Spanish Language,5.3
20674415,English Language,6.2
1488066,French Language,7.5
1488066,English Language,7.5
17395300,English Language,6.8
1554502,German Language,7.4
33146132,French Language,5.8
4278437,English Language,5.1
685721,English Language,3.4
5105411,English Language,3.6
14337425,French Language,7.1
685720,English Language,6.2
7286784,Chinese language,7.8
7286784,Standard Mandarin,7.8
142443,English Language,7.6
32130401,English Language,7.0
26178713,English Language,6.6
43307,Russian Language,6.7
43307,English Language,6.7
366111,English Language,6.0
1249019,English Language,6.2
25924200,Malayalam Language,6.8
3619129,English Language,7.0
9459581,English Language,6.8
8997652,Japanese Language,5.9
8997652,English Language,5.9
25871790,English Language,5.7
6449600,English Language,7.2
24964277,English Language,6.2
5612517,Hindi Language,6.6
5612517,English Language,6.6
445066,English Language,7.6
17471669,Japanese Language,6.6
21465561,Japanese Language,7.5
4340789,English Language,6.4
4788925,Hebrew Language,5.5
4788925,English Language,5.5
7471088,English Language,6.1
26057620,English Language,6.6
31958696,German Language,4.8
31958696,English Language,4.8
36025071,Malayalam Language,7.6
46505,English Language,7.7
20760084,English Language,6.9
2411122,Hindi Language,6.0
23454959,English Language,5.7
7482708,Korean Language,4.2
20731623,English Language,7.3
3112996,English Language,6.8
27253748,Malayalam Language,4.6
23907048,Standard Mandarin,6.2
23907048,Cantonese,6.2
19233817,English Language,4.9
1717731,German Language,6.0
1717731,English Language,6.0
15877215,Hindi Language,5.1
15877215,English Language,5.1
770083,English Language,7.0
3347962,English Language,5.7
28673181,English Language,7.2
28673181,Standard Mandarin,7.2
28673181,Mandarin Chinese,7.2
2184195,Standard Mandarin,6.9
2184195,Cantonese,6.9
8850105,Standard Mandarin,5.6
8850105,English Language,5.6
2651593,Hindi Language,7.7
2651593,English Language,7.7
29397331,English Language,3.4
4907371,English Language,6.0
22291285,English Language,6.6
30854972,English Language,5.1
1282593,English Language,6.6
5409260,English Language,5.7
13312274,English Language,5.5
2782527,Hindi Language,5.8
4825726,Spanish Language,6.3
453573,English Language,6.9
12260258,English Language,8.0
11614763,English Language,6.3
13572405,English Language,4.7
36088550,German Language,7.1
36088550,English Language,7.1
1693880,English Language,5.3
9694681,English Language,6.8
1007009,English Language,4.0
32833838,English Language,4.9
2100492,English Language,6.0
24827899,English Language,6.5
6763625,Hindi Language,5.9
26200531,English Language,5.3
23734853,Italian Language,6.3
23734853,English Language,6.3
10183625,English Language,5.9
161452,English Language,7.7
19554890,English Language,5.2
113454,English Language,6.7
33444713,French Language,6.3
33444713,Romanian Language,6.3
33444713,English Language,6.3
33066426,English Language,3.3
5955514,English Language,5.4
6961461,English Language,6.7
2267722,English Language,7.2
23463534,English Language,6.3
3727473,French Language,5.8
3727473,Italian Language,5.8
3727473,English Language,5.8
680361,English Language,7.0
19787914,English Language,6.2
190405,French Language,7.0
190405,English Language,7.0
4696764,English Language,5.3
19046062,English Language,7.1
33656303,English Language,5.2
5274269,Hindi Language,7.0
359571,English Language,7.5
359571,Spanish Language,7.5
13049849,Standard Mandarin,6.9
11353416,Hindi Language,6.4
28960753,English Language,7.0
12674076,Hebrew Language,6.8
10802159,Italian Language,6.5
22144721,Russian Language,6.9
22144721,English Language,6.9
10931684,English Language,5.9
10940332,Italian Language,6.9
10940332,English Language,6.9
5118135,English Language,6.4
165106,English Language,7.2
18967674,English Language,5.7
27113000,English Language,6.2
13508300,English Language,3.5
21057974,English Language,2.2
19024526,English Language,6.5
9701398,Hebrew Language,6.8
9701398,Spanish Language,6.8
2609169,Italian Language,7.0
2609169,English Language,7.0
3710183,Afrikaans Language,7.1
3710183,Zulu Language,7.1
3710183,English Language,7.1
77643,English Language,7.5
2539874,French Language,6.7
2539874,English Language,6.7
2539874,Spanish Language,6.7
20430909,Tagalog language,6.6
20430909,English Language,6.6
3633996,French Language,6.5
142457,English Language,8.2
3966196,English Language,6.1
17611985,Turkish Language,7.3
23691080,English Language,5.7
3990322,English Language,7.5
31150255,Kannada Language,7.2
10915095,French Language,5.5
10915095,English Language,5.5
1815818,Chinese language,7.3
1815818,Standard Mandarin,7.3
17931096,English Language,6.3
431685,English Language,7.5
12085775,Vietnamese Language,7.1
12085775,Standard Cantonese,7.1
12085775,English Language,7.1
12085775,Standard Mandarin,7.1
12085775,Cantonese,7.1
186856,Italian Language,7.5
186856,Latin Language,7.5
186856,English Language,7.5
22410343,Czech Language,7.2
92582,English Language,7.6
92582,Spanish Language,7.6
24147198,English Language,6.6
12746610,English Language,6.9
5945009,Hindi Language,4.5
6097565,English Language,5.3
4515396,English Language,5.1
31839719,English Language,6.5
15463100,English Language,6.0
607444,Portuguese Language,6.3
607444,English Language,6.3
19419882,English Language,6.0
8983787,English Language,6.9
3478537,Hindi Language,7.5
3478537,Urdu Language,7.5
1380313,English Language,6.2
9009812,English Language,6.6
27850628,Hindi Language,5.3
9612342,German Language,6.0
1937840,French Language,7.3
6817168,English Language,4.6
12812600,English Language,6.8
1345561,English Language,6.7
2941852,English Language,5.5
3339200,English Language,7.5
2509859,English Language,5.5
8966185,Standard Mandarin,7.1
8966185,Cantonese,7.1
1364205,English Language,6.2
1199638,English Language,6.8
6446044,Greek Language,6.7
6446044,Italian Language,6.7
6446044,English Language,6.7
27539366,English Language,4.7
10599593,Hindi Language,6.4
17657295,English Language,6.6
5249887,Hindi Language,7.9
22523378,English Language,5.6
3924766,Japanese Language,5.8
3924766,English Language,5.8
3333,Silent film,6.2
3333,English Language,6.2
16958933,English Language,5.1
16958933,English Language,6.0
365039,German Language,5.9
365039,English Language,5.9
12913389,English Language,5.9
3662683,English Language,5.5
27974901,English Language,6.3
1353277,English Language,7.0
3260061,Telugu language,7.5
20981095,English Language,7.0
1594929,English Language,6.3
28763446,English Language,6.4
28763446,Spanish Language,6.4
24251542,English Language,6.7
32661656,Telugu language,6.5
23295531,Swedish Language,5.8
23295531,German Language,5.8
2476317,French Language,6.7
2476317,English Language,6.7
3782101,English Language,7.1
11448113,English Language,5.8
4515733,English Language,6.6
3145085,English Language,6.8
18850187,Hindi Language,6.4
18850187,Tamil Language,6.4
35940098,Malayalam Language,7.5
2188611,English Language,4.3
6789361,French Language,6.7
6789361,Wolof Language,6.7
3539982,English Language,5.1
2296056,English Language,6.3
2296056,Cantonese,6.3
14000171,Standard Cantonese,6.1
14000171,Mandarin Chinese,6.1
14000171,Standard Mandarin,6.1
14000171,English Language,6.1
14000171,Cantonese,6.1
31972917,English Language,3.6
999394,Greek Language,7.4
999394,Turkish Language,7.4
999394,Standard Mandarin,7.4
999394,English Language,7.4
4110795,French Language,6.1
4110795,English Language,6.1
31417999,English Language,5.9
4949401,English Language,6.9
24158189,English Language,6.2
9653698,Japanese Language,6.3
9653698,English Language,6.3
9653698,Spanish Language,6.3
3984733,English Language,6.5
226198,English Language,6.8
6851815,English Language,5.8
26191484,English Language,5.1
4669663,English Language,7.6
2795282,English Language,5.9
9974375,English Language,6.4
2026601,English Language,5.7
11455154,Romanian Language,7.9
34537226,English Language,5.5
7081414,English Language,6.9
944471,English Language,6.9
26457515,Spanish Language,6.4
9219835,English Language,7.0
102026,English Language,7.0
2254144,English Language,7.5
14169361,Korean Language,6.6
4213154,Chinese language,6.5
4213154,English Language,6.5
7771844,English Language,7.5
20903033,Hindi Language,6.7
3900943,Korean Language,6.6
26138411,English Language,4.7
7287758,English Language,4.5
703687,English Language,7.1
8464511,English Language,6.7
12276195,English Language,5.2
5534117,Hindi Language,7.3
14760023,Telugu language,9.0
971217,English Language,5.3
5089524,Hindi Language,7.4
25746124,English Language,6.6
19245641,French Language,7.0
19245641,English Language,7.0
13281178,English Language,6.4
9478308,English Language,6.6
13031234,English Language,6.1
19282469,English Language,7.8
10892704,Hindi Language,7.2
4023052,Hindi Language,6.8
4023052,Urdu Language,6.8
10377382,English Language,7.0
26655268,German Language,6.1
476640,English Language,5.3
24624474,English Language,6.2
26016562,English Language,1.8
2043990,English Language,5.3
545187,English Language,5.5
23140704,Malayalam Language,7.4
4783203,English Language,6.9
492540,English Language,5.1
2964227,English Language,7.8
22667247,Standard Cantonese,6.8
22667247,English Language,6.8
22667247,Standard Mandarin,6.8
22667247,Cantonese,6.8
4186478,English Language,5.0
5865108,Malayalam Language,7.2
5865108,Tamil Language,7.2
12930932,English Language,4.6
14104063,English Language,5.5
8204853,English Language,6.7
7513196,English Language,7.1
277710,Russian Language,6.2
277710,English Language,6.2
7658324,English Language,6.2
909664,English Language,6.7
33716930,English Language,6.7
15924135,English Language,6.2
4123241,English Language,5.4
682275,English Language,5.7
146947,English Language,7.4
1338432,Japanese Language,5.8
1338432,English Language,5.8
22751,Japanese Language,6.0
22751,Spanish Language,6.0
22751,Latin Language,6.0
22751,English Language,6.0
22751,German Language,6.0
1539559,English Language,7.0
277713,English Language,5.4
27763405,English Language,6.6
27063955,English Language,6.7
27063955,American English,6.7
27063955,English Language,8.0
27063955,American English,8.0
14421091,English Language,5.8
32234047,English Language,6.5
2847874,Japanese Language,6.8
6672250,English Language,6.2
21250249,English Language,5.7
24672079,English Language,4.6
13329416,English Language,6.0
11894802,English Language,4.5
27504596,Korean Language,6.5
441280,English Language,3.6
2501824,English Language,5.4
19388177,English Language,6.7
20040056,Hindi Language,7.4
20040056,Portuguese Language,7.4
20040056,Marathi Language,7.4
20040056,English Language,7.4
20040056,Bengali Language,7.4
2279610,English Language,7.3
6571638,English Language,5.6
1164551,English Language,6.4
10466696,French Language,7.1
10466696,Arabic Language,7.1
70428,Irish,7.7
70428,English Language,7.7
570240,Japanese Language,3.9
570240,English Language,3.9
11351598,English Language,6.9
23563063,German Language,6.9
5620636,English Language,6.9
5778040,Hindi Language,6.7
5778040,Urdu Language,6.7
12835046,English Language,6.2
26030961,English Language,5.8
2448736,English Language,6.3
2448736,Spanish Language,6.3
1608019,English Language,7.4
8291759,English Language,5.8
8291759,Spanish Language,5.8
25830355,English Language,6.2
19968061,English Language,6.3
22278175,English Language,6.0
23982633,English Language,7.2
734419,English Language,6.4
9169267,Hindi Language,7.3
9169267,Punjabi language,7.3
9169267,English Language,7.3
9169267,Bengali Language,7.3
6781858,English Language,5.4
16395026,English Language,5.6
15016005,English Language,6.0
2154180,English Language,6.7
31614378,English Language,6.7
1688821,English Language,6.8
23091399,German Language,7.2
6499613,English Language,5.2
25485450,English Language,6.3
20402406,English Language,5.4
3865259,Chinese language,6.0
3865259,Tamil Language,6.0
3865259,Malay Language,6.0
3865259,English Language,6.0
3865259,Hokkien,6.0
28722503,English Language,5.9
3343617,French Language,7.6
3343617,English Language,7.6
163500,Italian Language,8.1
30665531,Russian Language,7.4
76399,English Language,7.9
1862671,English Language,7.5
1862671,French Language,7.5
1862671,Cantonese,7.5
1862671,Standard Mandarin,7.5
1862671,Vietnamese Language,7.5
1862671,Standard Cantonese,7.5
4940876,English Language,6.3
11604278,English Language,6.0
19920525,English Language,5.9
22558707,English Language,5.1
19366458,English Language,6.7
5824039,French Language,5.5
1749093,English Language,7.3
29373289,English Language,7.1
2779486,English Language,7.1
2117473,English Language,4.2
27451281,English Language,4.4
31323950,German Language,7.1
20479465,Hindi Language,7.7
12267883,English Language,6.7
30864957,English Language,5.8
6394592,English Language,6.6
29501024,English Language,6.1
27954029,English Language,4.9
2045991,English Language,6.8
9068424,English Language,5.9
3654603,Japanese Language,7.5
4851596,Tamil Language,4.2
28873034,English Language,6.1
20286230,Japanese Language,7.3
24522784,Telugu language,7.4
1638112,English Language,8.1
3382856,English Language,6.9
28581444,Dutch Language,5.6
4191487,English Language,6.7
652432,Cantonese,7.3
652432,Standard Cantonese,7.3
1263372,German Language,7.1
1263372,Spanish Language,7.1
314406,English Language,7.4
314406,Spanish Language,7.4
4008886,English Language,3.8
8620409,English Language,6.6
1829909,Hindi Language,4.5
1829909,English Language,4.5
2243660,English Language,5.5
13527082,English Language,4.2
61501,English Language,7.7
9366283,English Language,5.7
2352505,English Language,4.4
2772142,English Language,6.3
3450583,English Language,6.1
7362782,Korean Language,6.8
6085266,English Language,4.8
2370658,French Language,7.1
2370658,English Language,7.1
6285672,Portuguese Language,6.8
1136182,English Language,7.3
31231394,English Language,6.4
11195154,French Language,7.0
31482004,Malayalam Language,5.6
6342627,English Language,5.8
35789374,Swedish Language,5.8
5019011,Silent film,6.7
5019011,English Language,6.7
2485103,English Language,6.4
13980546,English Language,5.4
5558650,English Language,6.9
532618,English Language,5.3
1452866,English Language,6.2
26978561,Russian Language,4.3
4083138,English Language,6.0
2134506,English Language,6.4
24984104,French Language,6.9
24984104,Italian Language,6.9
24984104,German Language,6.9
24984104,English Language,6.9
3374650,English Language,7.6
2852779,English Language,5.4
22084176,Malayalam Language,3.5
6976850,English Language,2.5
24926538,English Language,7.0
12272453,English Language,6.6
10806577,English Language,6.7
10638975,Hindi Language,6.7
26514248,English Language,6.1
25899808,Malayalam Language,8.1
17824843,Dutch Language,6.5
11508746,French Language,5.3
11508746,English Language,5.3
11508746,Serbian language,5.3
1781284,English Language,5.3
20019382,English Language,7.0
35009216,English Language,6.4
920613,Japanese Language,7.2
920613,Italian Language,7.2
920613,Yiddish Language,7.2
920613,English Language,7.2
2372994,English Language,6.4
6583033,Telugu language,3.6
10499315,English Language,5.1
12411647,Romanian Language,6.6
3730244,English Language,7.2
22318957,English Language,4.7
2513887,English Language,7.5
2513887,Spanish Language,7.5
287408,Silent film,7.3
287408,English Language,7.3
25006668,English Language,6.1
12073433,English Language,6.6
23215210,English Language,4.9
31477549,English Language,5.1
5843155,English Language,5.3
10988261,Standard Mandarin,6.1
4625048,Tamil Language,7.8
21586409,English Language,6.1
6954370,English Language,6.4
4179778,English Language,5.5
2037403,English Language,5.6
20288451,Bengali Language,6.8
14630339,Hindi Language,7.9
60164,English Language,8.6
32683873,English Language,6.6
26640605,English Language,5.4
9105327,English Language,4.9
3869472,English Language,6.9
14480043,English Language,6.7
2350630,English Language,5.5
10815122,Standard Cantonese,7.3
10815122,Cantonese,7.3
4956603,Tamil Language,5.8
2200771,Japanese Language,6.6
2200771,English Language,6.6
2200771,Cantonese,6.6
9470281,English Language,6.3
30013158,English Language,6.9
7330661,English Language,5.0
10061978,Arabic Language,7.0
10061978,English Language,7.0
1356982,English Language,6.3
3934285,English Language,5.5
1073955,English Language,7.0
2467794,English Language,6.7
10385898,English Language,7.0
12807520,English Language,6.1
3920193,English Language,8.2
3920193,Spanish Language,8.2
3389965,Japanese Language,2.2
3389965,English Language,2.2
5800622,English Language,7.7
3936740,French Language,6.5
3936740,English Language,6.5
3936740,Russian Language,6.5
4143719,English Language,5.5
21217240,English Language,4.4
27156371,English Language,6.9
15493185,Standard Mandarin,6.6
15493185,English Language,6.6
15493185,Cantonese,6.6
541642,Russian Language,6.5
541642,German Language,6.5
541642,English Language,6.5
541642,Spanish Language,6.5
2528212,French Language,7.6
2528212,Swahili Language,7.6
2528212,English Language,7.6
2528212,German Language,7.6
2082089,English Language,4.9
10328139,French Language,6.7
10328139,Japanese Language,6.7
10328139,Czech Language,6.7
10328139,English Language,6.7
33064024,English Language,5.4
33064024,Standard Mandarin,5.4
19134923,English Language,5.8
23961650,English Language,5.5
8401387,English Language,4.7
1789671,English Language,7.2
3387839,French Language,7.2
32580654,Hindi Language,5.9
17437489,English Language,6.7
8118414,English Language,6.3
201448,English Language,6.9
350629,English Language,6.9
350629,Spanish Language,6.9
14445050,English Language,6.2
903140,Hindi Language,8.1
4018828,English Language,5.6
11086287,Hindi Language,4.3
709318,English Language,5.3
21404478,English Language,7.0
22410144,English Language,3.1
3730809,English Language,6.3
320502,English Language,6.7
13448042,Thai Language,5.5
320500,English Language,6.2
320500,German Language,6.2
9822793,Italian Language,6.9
9822793,German Language,6.9
9822793,English Language,6.9
29754100,Dutch Language,7.2
3623294,English Language,6.6
9446254,English Language,5.9
282964,English Language,7.9
129602,English Language,7.8
19112117,French Language,7.4
19112117,Japanese Language,7.4
19112117,Cantonese,7.4
19112117,Standard Cantonese,7.4
10195586,Cantonese,4.0
4635580,Tamil Language,5.2
6257968,English Language,5.7
4647498,English Language,4.6
8085358,English Language,6.5
23487599,Tamil Language,7.7
24336588,Japanese Language,5.9
5767035,Hindi Language,7.0
3717574,English Language,6.7
2929705,English Language,5.6
1712658,Russian Language,5.1
1712658,English Language,5.1
243204,Italian Language,5.3
243204,English Language,5.3
18041934,Silent film,6.6
18041934,English Language,6.6
4036425,Hindi Language,6.4
4036425,English Language,6.4
633832,French Language,7.3
633832,Somali Language,7.3
633832,English Language,7.3
633832,Spanish Language,7.3
5305513,English Language,5.3
2763233,English Language,6.3
8325860,Taiwanese,7.6
8325860,Standard Mandarin,7.6
4390553,Italian Language,6.2
1312930,English Language,5.7
11723307,English Language,4.2
2977516,English Language,7.5
1232511,English Language,5.7
2311219,Arabic Language,7.5
2311219,Italian Language,7.5
2311219,English Language,7.5
2311219,French Language,7.5
2311219,Hebrew Language,7.5
2311219,Greek Language,7.5
2311219,Russian Language,7.5
2311219,German Language,7.5
16833930,Standard Mandarin,6.8
16833930,Mandarin Chinese,6.8
24903334,Danish Language,7.0
1118809,English Language,5.7
177740,English Language,8.0
27265073,Standard Cantonese,5.4
3021304,English Language,7.0
23135176,Swedish Language,7.8
23135176,English Language,7.8
76335,Spanish Language,7.8
76335,English Language,7.8
76335,Navajo Language,7.8
5501567,English Language,7.3
561315,English Language,8.1
15336744,English Language,5.7
7497695,English Language,5.9
17971153,Standard Mandarin,6.6
4539015,English Language,7.0
2302751,English Language,6.2
2302751,Spanish Language,6.2
3096943,English Language,6.8
11561029,Japanese Language,6.2
11496773,English Language,3.7
4694464,English Language,5.8
13891325,Spanish Language,7.3
1751944,Japanese Language,7.5
1751944,Korean Language,7.5
1751944,English Language,7.5
6856411,Silent film,7.2
6856411,English Language,7.2
6945281,English Language,5.8
16125220,English Language,7.0
3653886,French Language,7.3
12401310,English Language,4.1
15164491,English Language,7.1
897540,English Language,6.1
29251729,Bosnian language,8.1
26717073,Arabic Language,6.8
26717073,German Language,6.8
26717073,English Language,6.8
26717073,Turkish Language,6.8
143259,English Language,2.7
12715828,Hindi Language,3.1
12715828,Urdu Language,3.1
11883104,English Language,5.0
4525665,Silent film,7.6
4525665,English Language,7.6
7681320,English Language,5.8
13333148,English Language,6.3
12433713,English Language,5.9
1934977,English Language,7.9
369682,French Language,7.7
369682,Japanese Language,7.7
369682,German Language,7.7
369682,English Language,7.7
18625617,French Language,6.5
26137623,English Language,5.7
9415710,English Language,5.4
1056686,Czech Language,7.2
1056686,English Language,7.2
1056686,Serbian language,7.2
11335429,Hindi Language,7.2
1041202,English Language,5.9
18940234,English Language,6.9
24771643,English Language,5.9
979825,French Language,7.8
979825,Swedish Language,7.8
979825,English Language,7.8
979825,Danish Language,7.8
11745593,Italian Language,7.4
18798887,English Language,5.9
217793,English Language,6.3
2295405,English Language,7.5
30920276,English Language,6.1
15047111,English Language,6.8
2966368,English Language,5.0
6983705,English Language,5.1
1553602,French Language,7.4
1553602,English Language,7.4
1553602,Portuguese Language,7.4
30607472,Korean Language,7.5
3142178,Standard Mandarin,7.5
18963606,Silent film,6.1
18963606,English Language,6.1
29836920,English Language,4.8
2685725,English Language,6.4
4619034,Standard Cantonese,5.5
4619034,Standard Mandarin,5.5
4619034,Cantonese,5.5
3796734,French Language,7.3
3796734,Swedish Language,7.3
3796734,Norwegian Language,7.3
3796734,Danish Language,7.3
18979350,Silent film,6.1
18979350,English Language,6.1
28713362,Hindi Language,4.0
1278961,Algonquin Language,6.7
1278961,English Language,6.7
15337018,English Language,6.4
887457,English Language,5.6
13806284,English Language,4.7
2885102,Korean Language,7.2
23281301,German Language,6.1
23281301,English Language,6.1
901907,Silent film,6.7
901907,English Language,6.7
6500339,English Language,6.8
30754247,English Language,4.6
2632306,Japanese Language,7.1
1830725,English Language,6.5
665883,Standard Cantonese,6.4
665883,Cantonese,6.4
12613761,English Language,6.8
6768671,Tamil Language,6.2
2563340,English Language,6.9
18599377,English Language,7.5
26109198,Romanian Language,7.0
1358544,English Language,6.7
73977,Silent film,6.7
73977,English Language,6.7
20370386,English Language,7.0
32162397,Portuguese Language,8.3
32162397,English Language,8.3
32162397,Spanish Language,8.3
34296392,English Language,5.7
4440277,English Language,7.0
4710606,English Language,6.5
18800331,English Language,6.5
22099425,Hindi Language,4.3
4586623,English Language,5.2
8055976,English Language,5.4
1265864,English Language,7.2
5602177,Portuguese Language,6.5
4857566,English Language,5.1
22091841,English Language,6.5
10289905,Tamil Language,3.5
28210328,English Language,6.5
18790154,Italian Language,7.4
18790154,Russian Language,7.4
18790154,Norwegian Language,7.4
18790154,Spanish Language,7.4
18790154,French Language,7.4
18790154,Latin Language,7.4
18790154,Swedish Language,7.4
18790154,English Language,7.4
18790154,Finnish Language,7.4
18790154,German Language,7.4
31574831,English Language,4.5
7999304,Standard Mandarin,6.1
7999304,Thai Language,6.1
6021280,English Language,5.6
6257892,Thai Language,6.2
1771625,English Language,5.2
2522220,English Language,7.0
27301153,Malayalam Language,6.3
3978163,English Language,5.6
19931038,Italian Language,4.7
30407971,Korean Language,6.8
25741513,Norwegian Language,5.6
1062036,English Language,5.5
34044006,English Language,6.1
1044875,English Language,6.6
5472438,Japanese Language,7.8
26890990,Arabic Language,6.7
26890990,Standard Mandarin,6.7
26890990,Spanish Language,6.7
26890990,French Language,6.7
26890990,English Language,6.7
26890990,Japanese Language,6.7
1119341,Japanese Language,6.1
1119341,Standard Mandarin,6.1
213471,English Language,8.0
213471,Standard Mandarin,8.0
213471,Cantonese,8.0
20195915,English Language,6.3
21652388,English Language,6.3
3223765,Indonesian Language,7.6
14170318,English Language,5.7
21426608,Tamil Language,8.0
12857910,English Language,6.6
9121945,Hindi Language,4.2
10190365,Hindi Language,6.2
19821180,English Language,5.0
5433016,Hindi Language,5.7
23652051,English Language,7.8
28646399,English Language,5.7
2426829,Polish Language,7.8
2032676,English Language,6.2
27693775,English Language,5.3
32114601,Malayalam Language,7.5
3126164,Bengali Language,7.2
6492614,English Language,7.6
1102282,French Language,8.1
1102282,English Language,8.1
2682493,Hindi Language,8.4
20896389,English Language,5.6
3896645,Tagalog language,6.5
3896645,Filipino language,6.5
3896645,English Language,6.5
23594997,English Language,4.9
32869134,English Language,6.3
8907743,Japanese Language,7.0
14790659,English Language,5.8
9010968,English Language,6.7
9623638,Spanish Language,5.8
24158073,English Language,5.3
11697273,English Language,6.5
11697273,Spanish Language,6.5
17365387,English Language,6.5
3671998,English Language,6.1
6491972,English Language,6.6
19874156,English Language,5.7
4144690,Italian Language,7.1
4144690,Spanish Language,7.1
6090730,Spanish Language,7.0
2571604,Greek Language,6.7
2571604,Aramaic language,6.7
2571604,Hebrew Language,6.7
2571604,Latin Language,6.7
2571604,English Language,6.7
2571604,German Language,6.7
18456072,English Language,5.3
19141239,Bengali Language,6.2
14538458,Hindi Language,4.3
15726696,English Language,5.9
2301060,English Language,7.1
3244123,English Language,6.6
2814516,English Language,6.1
9994307,French Language,7.2
35075250,English Language,6.5
1803595,English Language,7.2
2853254,Tamil Language,8.4
5375472,English Language,4.4
534778,English Language,5.2
20535192,French Language,7.2
35114850,Spanish Language,6.8
919722,English Language,6.1
18716845,English Language,6.5
23252763,English Language,7.2
31657529,English Language,6.4
26389395,English Language,5.9
31371925,Chinese language,7.5
31371925,Standard Cantonese,7.5
31371925,English Language,7.5
31371925,Standard Mandarin,7.5
31371925,Cantonese,7.5
30824882,English Language,5.8
30824882,American English,5.8
1577984,English Language,6.9
1511826,Standard Mandarin,7.5
2728447,English Language,6.6
13915018,Malayalam Language,8.0
33269085,Hindi Language,4.7
33269085,English Language,4.7
15122117,English Language,7.9
1129583,Esperanto Language,5.8
1129583,English Language,5.8
22050579,English Language,6.4
31706716,English Language,5.3
18689180,Swedish Language,4.3
2557050,English Language,6.8
648921,Latin Language,7.3
648921,English Language,7.3
2825783,English Language,6.7
35365357,Persian Language,7.1
4954419,English Language,6.3
12154789,English Language,6.7
13099032,French Language,5.2
8162204,English Language,7.3
1544670,English Language,7.0
1544670,Spanish Language,7.0
70508,English Language,8.0
16751513,English Language,7.2
6917971,English Language,6.1
19400604,English Language,5.1
174560,French Language,7.8
174560,English Language,7.8
174560,German Language,7.8
10827382,Korean Language,5.6
2887314,English Language,6.3
8004988,English Language,6.3
9912911,Italian Language,6.7
2909975,Hindi Language,4.5
2932827,English Language,6.9
14812466,English Language,7.5
4325320,French Language,7.0
1898116,English Language,6.9
9907431,English Language,2.4
16747410,English Language,6.7
7267220,English Language,5.8
16072264,English Language,5.0
9309429,English Language,8.0
1325571,Korean Language,6.7
1325571,English Language,6.7
21427848,English Language,6.8
1357356,English Language,5.7
16686440,English Language,6.1
3140828,English Language,6.7
3140828,Spanish Language,6.7
1271237,English Language,7.3
23525900,English Language,6.5
8753860,English Language,5.8
8850351,English Language,3.9
23904795,English Language,7.0
28204476,English Language,5.9
13914496,Malayalam Language,8.4
945305,English Language,7.0
33617254,English Language,2.8
32984773,English Language,6.5
32984773,Spanish Language,6.5
10090763,English Language,6.8
8188906,English Language,4.1
12361350,English Language,6.4
25048337,English Language,4.8
31335395,Japanese Language,6.5
4149808,English Language,6.7
842825,English Language,8.1
4832987,English Language,6.4
12839891,English Language,5.9
17404922,French Language,6.9
17404922,English Language,6.9
8843403,Hindi Language,8.3
8843403,English Language,8.3
32648655,Tamil Language,7.4
13861985,English Language,4.7
6809638,Tamil Language,7.5
7533751,English Language,6.3
26968376,French Language,7.2
26968376,Italian Language,7.2
26968376,English Language,7.2
180912,English Language,7.1
17225987,Bengali Language,7.7
1681132,English Language,6.1
383455,English Language,6.2
8160070,Hindi Language,4.9
8891457,English Language,5.9
35886865,English Language,6.3
496401,English Language,6.5
3628560,Italian Language,7.1
3628560,English Language,7.1
2254896,English Language,6.1
3589259,English Language,5.4
12099955,Ukrainian Language,5.3
12099955,English Language,5.3
12099955,Russian Language,5.3
33610926,Standard Mandarin,6.9
33610926,Cantonese,6.9
2372989,English Language,5.9
3910693,Hindi Language,5.8
35766264,English Language,5.9
16902655,English Language,5.9
6218427,English Language,5.2
33774989,English Language,5.1
6193473,Standard Mandarin,6.6
6193473,Cantonese,6.6
20774714,Japanese Language,7.1
519115,Japanese Language,7.1
519115,English Language,7.1
20066135,German Language,6.8
20066135,English Language,6.8
7347460,English Language,6.0
11439529,Dutch Language,4.6
2701438,English Language,7.0
21032415,English Language,6.6
13814165,English Language,2.8
19583175,English Language,6.3
7800159,English Language,4.9
1301789,English Language,6.8
3546329,English Language,6.4
5883755,English Language,5.5
876592,English Language,5.9
3294706,Japanese Language,6.9
23295876,English Language,5.7
17355803,Silent film,6.7
17355803,English Language,6.7
2368143,English Language,5.7
1631497,English Language,6.2
20358218,Standard Cantonese,6.8
20358218,Mandarin Chinese,6.8
20358218,Cantonese,6.8
36243056,Portuguese Language,5.7
34480764,English Language,7.3
2547451,English Language,6.6
1524596,English Language,6.6
30906682,English Language,5.7
1460724,Hindi Language,7.3
27754718,English Language,7.2
5010137,French Language,6.5
5010137,English Language,6.5
170139,English Language,6.4
4678174,German Language,7.1
850349,English Language,7.0
12985644,English Language,3.0
14281865,English Language,7.1
3569329,English Language,5.2
633883,English Language,6.1
323715,English Language,7.3
18465367,Spanish Language,5.7
16970911,English Language,5.4
2254715,English Language,2.8
3105139,English Language,6.6
11467610,English Language,3.9
11467610,English Language,2.7
14222093,Spanish Language,6.4
34050487,English Language,6.3
1670736,English Language,7.0
11502520,German Language,7.6
11502520,Spanish Language,7.6
21088389,Japanese Language,8.0
8776448,Korean Language,7.3
1848371,English Language,6.2
2206566,English Language,5.4
231829,French Language,8.0
231829,English Language,8.0
231829,German Language,8.0
9622333,English Language,7.1
8573314,Russian Language,7.1
5076487,Greek Language,6.5
5076487,English Language,6.5
5076487,Spanish Language,6.5
9338127,English Language,5.9
172278,English Language,6.8
948223,English Language,6.4
10518816,French Language,7.6
10518816,German Language,7.6
705267,English Language,5.4
11217759,Hindi Language,7.2
22276971,English Language,7.0
6647011,English Language,6.7
3606413,English Language,6.1
17867578,Tamil Language,5.5
10206962,English Language,7.2
624505,English Language,6.7
12498936,English Language,6.9
2450545,Romanian Language,5.1
2450545,English Language,5.1
10139922,Hindi Language,6.3
17188716,French Language,7.6
12606644,French Language,7.6
22965595,English Language,6.3
22965595,English Language,6.3
12186438,Hindi Language,5.8
28847751,Quechua,7.4
28847751,English Language,7.4
28847751,Spanish Language,7.4
23933249,Norwegian Language,6.4
27328338,English Language,6.3
31754231,Italian Language,6.3
31754231,English Language,6.3
271588,Silent film,7.2
271588,English Language,7.2
20669402,Korean Language,7.2
5429326,Cantonese,5.9
15112634,English Language,6.3
17484937,Hindi Language,4.6
921891,English Language,5.8
4399897,English Language,7.3
15703454,Greek Language,5.9
15703454,"Maya, Yucat√°n Language",5.9
15703454,German Language,5.9
15703454,English Language,5.9
15703454,Spanish Language,5.9
28014158,Swedish Language,5.5
28014158,English Language,5.5
10668224,English Language,6.5
876872,English Language,6.8
74978,English Language,7.7
176545,Swedish Language,8.1
176545,Latin Language,8.1
35874076,English Language,6.2
25466355,English Language,3.0
22322537,English Language,4.9
5454399,Japanese Language,6.1
11992824,English Language,6.1
23517727,English Language,6.9
443556,English Language,7.3
2359987,Hindi Language,4.7
2359987,English Language,4.7
2359987,Russian Language,4.7
1222561,English Language,5.9
13798364,English Language,6.4
2060664,English Language,6.6
798584,English Language,6.5
1741449,Standard Cantonese,7.1
1741449,Cantonese,7.1
2623071,Italian Language,6.5
2623071,English Language,6.5
5643855,English Language,6.8
26745434,Malayalam Language,4.9
573304,Standard Mandarin,7.6
573304,English Language,7.6
573304,Mandarin Chinese,7.6
1222552,English Language,7.1
1853921,English Language,5.0
886892,English Language,7.8
303847,English Language,6.9
248601,German Language,7.5
248601,English Language,7.5
5721992,English Language,5.5
6443785,English Language,5.6
3859677,English Language,6.9
2389941,English Language,6.7
2241842,Spanish Language,6.0
24451216,English Language,5.6
1570843,English Language,6.3
1299974,Swedish Language,7.7
67414,English Language,5.9
833502,English Language,6.9
833502,Spanish Language,6.9
8007011,English Language,4.8
9653770,English Language,6.4
24386991,Malayalam Language,5.6
3566511,Standard Tibetan,6.3
3566511,Tibetan languages,6.3
3566511,English Language,6.3
3566511,Latin Language,6.3
818002,English Language,6.5
3788150,English Language,6.0
2137591,Silent film,7.1
2137591,English Language,7.1
3071025,French Language,6.1
2352648,English Language,6.6
9001894,English Language,5.1
9001894,Cantonese,5.1
19275224,Hindi Language,6.4
15301003,English Language,3.8
6156767,Cantonese,7.1
17951322,English Language,6.3
23092448,English Language,5.5
17551895,English Language,5.9
5485644,Japanese Language,4.6
923265,Quechua,7.7
923265,Spanish Language,7.7
6095252,Esperanto Language,6.6
6095252,English Language,6.6
27149347,Malayalam Language,6.5
15478024,English Language,4.2
24652963,English Language,6.3
16013696,English Language,5.6
339526,French Language,7.7
339526,English Language,7.7
961777,English Language,6.7
19141442,Cantonese,7.5
9176428,English Language,5.6
2541839,English Language,6.8
98508,Standard Mandarin,7.5
98508,English Language,7.5
1898832,English Language,8.0
12993922,English Language,4.1
12514898,English Language,6.3
187086,English Language,7.6
23950782,English Language,3.7
9647695,English Language,5.7
5883086,English Language,6.2
19877803,English Language,6.6
10753947,English Language,7.1
924038,Swedish Language,7.4
13342147,English Language,6.9
5315438,English Language,3.4
3422774,English Language,5.4
14795399,English Language,5.9
5212120,English Language,6.8
267633,English Language,7.6
267633,Spanish Language,7.6
17274959,English Language,5.4
24665356,English Language,4.9
1267713,French Language,7.6
1267713,English Language,7.6
22680425,Turkish Language,5.7
2159529,English Language,5.7
565318,English Language,5.2
6034681,English Language,7.0
13167763,Italian Language,6.9
73498,English Language,7.8
9719009,English Language,3.8
27661332,English Language,6.7
27661332,Danish Language,6.7
22419613,Czech Language,7.4
22419613,German Language,7.4
2734962,Spanish Language,6.4
451877,Standard Cantonese,7.8
451877,Standard Mandarin,7.8
451877,Cantonese,7.8
2906780,English Language,7.8
2559661,Korean Language,6.8
2559661,Standard Mandarin,6.8
5207807,Hindi Language,7.0
600194,English Language,4.8
30448760,English Language,5.8
8612307,English Language,7.2
451023,English Language,6.8
19669545,English Language,6.0
6243766,English Language,6.8
19587744,English Language,4.9
11164932,English Language,6.3
3238135,English Language,2.1
4594202,English Language,5.3
14872132,Korean Language,6.3
2663035,Japanese Language,6.3
2037842,English Language,6.1
2558613,English Language,5.6
1655618,English Language,6.4
9079357,English Language,6.1
23266073,English Language,7.2
4586256,English Language,5.5
24228929,English Language,7.5
189776,French Language,8.1
189776,Serbo-Croatian,8.1
189776,German Language,8.1
189776,English Language,8.1
189776,Serbian language,8.1
3059526,Standard Cantonese,3.0
3059526,Standard Mandarin,3.0
3059526,English Language,3.0
3059526,Cantonese,3.0
7047921,English Language,7.8
31918569,English Language,7.3
31918569,American English,7.3
28174450,English Language,5.6
19221106,English Language,6.1
8119369,English Language,6.7
3754316,Irish,7.3
3754316,English Language,7.3
3754316,Latin Language,7.3
14923841,Hindi Language,8.1
14923841,Bhojpuri Language,8.1
14923841,Awadhi Language,8.1
3096476,English Language,4.8
10770994,Hindi Language,7.2
24201336,English Language,7.0
26373339,Malayalam Language,7.4
133622,German Language,7.4
133622,English Language,7.4
1380618,English Language,6.2
2886036,English Language,6.6
6535669,English Language,4.8
940668,Silent film,5.8
940668,English Language,5.8
14812463,English Language,6.4
3584478,English Language,7.0
26835108,Tamil Language,7.0
3142046,German Language,6.7
3142046,Standard Mandarin,6.7
3142046,Standard Cantonese,6.7
29437259,English Language,5.5
1873017,English Language,6.0
35493336,Bengali Language,6.3
450634,English Language,7.5
8773991,English Language,4.3
3412648,English Language,6.5
5667662,Silent film,6.7
5667662,German Language,6.7
2129381,English Language,6.6
2647404,English Language,5.3
30994952,Bengali Language,5.5
30994952,English Language,5.5
25751187,English Language,5.7
15274957,Telugu language,4.9
15274957,Tamil Language,4.9
7693015,English Language,5.8
15714214,Hindi Language,5.5
15714214,Russian Language,5.5
15714214,English Language,5.5
26488721,French Language,6.5
2055559,English Language,7.0
8880229,English Language,6.0
238906,English Language,4.9
26316286,English Language,6.6
6934510,English Language,4.3
11380312,Swedish Language,7.1
13198624,Hindi Language,5.8
8249745,Telugu language,7.3
2354228,English Language,6.6
13399638,Turkish Language,7.7
13399638,German Language,7.7
13399638,English Language,7.7
18368887,English Language,5.8
1223359,English Language,6.1
4760936,English Language,7.2
12131002,English Language,6.6
7052375,English Language,5.3
13264461,Italian Language,6.6
1011468,French Language,7.2
1011468,Vietnamese Language,7.2
1011468,English Language,7.2
4731909,English Language,7.8
20697583,French Language,5.7
20697583,English Language,5.7
33623750,English Language,5.5
31893898,English Language,6.2
34400393,English Language,6.4
1210579,English Language,6.8
15131446,English Language,5.2
2768565,Standard Cantonese,7.1
2768565,Cantonese,7.1
3447166,English Language,7.1
3842309,English Language,7.4
1665824,English Language,7.1
1665817,Polish Language,7.5
431562,English Language,7.9
2507217,English Language,7.6
24564971,English Language,6.2
2676861,English Language,7.1
19646172,English Language,5.0
16749397,English Language,6.9
1172795,Silent film,6.8
1172795,English Language,6.8
1519783,English Language,5.7
21306748,Hindi Language,2.9
3077127,Hindi Language,7.1
18293440,English Language,6.3
23461433,English Language,5.8
5884748,Tamil Language,6.2
33460500,Standard Mandarin,6.2
33460500,Cantonese,6.2
35249448,Standard Mandarin,5.5
3022675,English Language,5.5
4827986,Korean Language,5.7
14281617,Korean Language,6.6
8152894,French Language,5.1
8152894,English Language,5.1
1057569,English Language,6.9
10791989,Tamil Language,7.3
164365,English Language,7.4
28853738,English Language,6.7
7651220,English Language,7.3
2518695,English Language,7.1
1710716,English Language,6.1
3371111,Silent film,7.7
3371111,English Language,7.7
29434234,Korean Language,7.7
227291,English Language,5.5
20333594,English Language,6.2
17687304,Hindi Language,5.6
4056928,English Language,7.4
129368,Italian Language,8.0
129368,English Language,8.0
25430565,French Language,5.4
75264,English Language,8.0
15241745,Greek Language,7.9
15241745,English Language,7.9
15241745,German Language,7.9
24532496,English Language,5.5
2018921,English Language,6.4
8982459,English Language,7.0
29677455,Russian Language,6.9
697246,French Language,7.1
697246,Japanese Language,7.1
697246,Portuguese Language,7.1
697246,English Language,7.1
5549799,English Language,6.8
35277263,English Language,6.5
2473101,English Language,5.5
2864939,Italian Language,7.7
1412408,English Language,7.3
4731904,English Language,5.3
27731736,English Language,5.4
3838937,English Language,6.7
20845534,Spanish Language,5.3
10366448,Hindi Language,6.7
16143062,English Language,5.2
9842327,Cantonese,6.8
17050837,English Language,6.6
68124,English Language,7.4
25240519,English Language,5.5
8714647,English Language,4.8
23255,English Language,8.4
77674,English Language,7.1
3082124,English Language,6.9
10705512,English Language,7.1
2641743,English Language,5.3
7177441,Mandarin Chinese,6.9
7177441,Standard Mandarin,6.9
1474328,French Language,6.8
1474328,English Language,6.8
7382472,English Language,5.7
8714658,Hindi Language,8.3
8714658,English Language,8.3
143952,French Language,7.0
9811711,English Language,6.2
22430724,Ukrainian Language,6.5
22430724,English Language,6.5
1344253,English Language,5.3
468326,English Language,7.6
7177569,English Language,5.8
20509157,Korean Language,7.3
23919719,English Language,6.5
7871584,German Language,5.7
3038038,English Language,5.6
